SPM: left [p<0.01 (unc.), k=50]

Cluster 1 	1968 vox	 -30	+28	-24

Assignment based on Maximum Probability Map	Percent of Cluster volume in Area	Percent of Area activated by Cluster
Area Fo6	9.9	34.3
Area Fo3	5.5	7.4
Area Fo5	3.0	17.7
Area Fo7	2.5	12.7
Area Fo2	1.4	4.0
Area s24	1.2	7.9
Area OP9	1.0	4.6
Area s32	0.9	4.9
Area 45	0.7	1.5
Area Fo1	0.6	1.6
Area Fo4	0.4	1.8
Area OP8	0.3	1.6
Area Fp1	0.1	0.1
Area p24ab	0.1	0.4
Area 44	0.0	0.1
Area Id7	0.0	0.3
Area Fp2	0.0	0.1
Area Id6	0.0	0.0
Area p32	0.0	0.0

Probability exceedance by Area	Mean probability at Cluster location (%)	Mean probability across PMap (%)	Ratio	95% CI	95% CI
Area Fo6	29.1	26.0	1.12	1.09	1.16
Area Fo3	43.3	34.9	1.24	1.19	1.28
Area Fo5	18.0	19.5	0.92	0.89	0.97
Area Fo7	19.3	20.0	0.97	0.91	1.02
Area 45	8.9	21.7	0.41	0.39	0.43
Area OP9	11.5	18.5	0.62	0.60	0.65
Area Fo2	46.1	33.9	1.36	1.27	1.47
Area s24	43.6	22.9	1.90	1.80	2.01
Area s32	24.0	20.5	1.17	1.08	1.26
Area Fo1	21.8	35.7	0.61	0.56	0.66
Area Fo4	9.3	22.6	0.41	0.38	0.45
Area Fp1	10.5	39.5	0.26	0.24	0.29
Area Id7	9.1	21.1	0.43	0.39	0.48
Area OP8	10.7	12.7	0.85	0.74	0.93
Area p24ab	11.8	20.1	0.59	0.53	0.65
Area Fp2	10.8	32.9	0.33	0.27	0.39
Area Id6	6.4	24.9	0.26	0.22	0.29
Area 44	8.8	18.7	0.47	0.39	0.54
Area p32	7.5	30.5	0.25	0.20	0.29
Area TE 3	1.4	24.2	0.06	0.03	0.09
Area 33	1.2	18.4	0.06	0.03	0.11
Area 25	2.5	20.1	0.13	0.05	0.25
Area p24c	0.3	19.5	0.02	0.00	0.03

Top probabilites at peak voxels	Union across peaks
Area Fo3	0.9
Area Fo6	0.8
Area Fo5	0.8
Area 45	0.2
Area Fp1	0.0
Area OP9	0.0
Area Fo4	0.0
Area Fo7	0.0

Probabilities at local maxima	-30.0 / +28.0 / -24.0 (Height: 5.7)	-48.0 / +40.0 / -10.0 (Height: 5)	-50.0 / +44.0 / -10.0 (Height: 4.9)	-48.0 / +32.0 / -12.0 (Height: 4)	-54.0 / +40.0 / +0.0 (Height: 3.9)	-42.0 / +54.0 / -8.0 (Height: 3.8)	-40.0 / +56.0 / -6.0 (Height: 3.7)	-18.0 / +48.0 / -16.0 (Height: 3.7)	-48.0 / +42.0 / +2.0 (Height: 3.7)
Area Fo3	73.2	0.0	0.0	0.0	0.0	0.0	0.0	44.8	0.0
Area Fo6	0.0	44.9	41.5	29.6	0.0	22.9	13.4	0.0	0.0
Area Fo5	0.0	0.0	0.0	0.0	0.0	59.2	44.3	0.0	0.0
Area 45	0.0	0.0	0.0	0.0	13.7	0.0	0.0	0.0	4.1
Area Fp1	0.0	0.0	0.0	0.0	0.0	0.0	2.7	0.0	0.0
Area OP9	0.0	0.0	0.0	0.5	0.0	0.0	0.0	0.0	0.0
Area Fo4	0.0	0.0	0.0	0.0	0.0	0.0	0.3	0.0	0.0
Area Fo7	0.0	0.0	0.0	0.1	0.0	0.0	0.0	0.0	0.0


Reference List

Area TE 3
P. Morosan, J. Rademacher, N. Palomero-Gallagher, and K. Zilles. Anatomical organization of the human auditory cortex: Cytoarchitecture and transmitter receptors. In: The auditory cortex: Towards a synthesis of human and animal research, edited by R. Kˆnig, P. Heil, E. Budinger, and H. Scheich, Mahwah, New Jersey:Lawrence Erlbaum, 2005, p. 27-50.

Area 33
Palomero-Gallagher N, Eickhoff1 SB, Hoffstaedter F, Schleicher A, Mohlberg H, Vogt BA, Amunts K, Zilles K. Functional organization of human subgenual cortical areas: relationship between architectonical segregation and connectional heterogeneity. NeuroImage 115, 177-190, 2015.

Area 44
K. Amunts, A. Schleicher, U. B¸rgel,H. Mohlberg, H.B.M. Uylings, K. Zilles. Broca's region revisited: Cytoarchitecture and intersubject variability. The Journal of Comparative Neurology 412: 319-341, 1999_x000D__x000D_K. Amunts, P.H. Weiss, H. Mohlberg, P. Pieperhoff, J. Gurd, J.N. Shah, C.J. Marshall, G.R. Fink, K. Zilles. Analysis of the neural mechanisms underlying verbal fluency in cytoarchitectonically defined stereotaxic space - The role of Brodmann's areas 44 and 45. NeuroImage 22 (1): 42-56, 2004

Area Fo1
A. Henssen, K. Zilles, N. Palomero-Gallagher, A. Schleicher, H. Mohlberg, F. Gerboga, S.B. Eickhoff, S. Bludau, K. Amunts. Cytoarchitecture and probability maps of the human medial orbitofrontal cortex. Cortex, 75: 87-112, 2016.

Area Id6
https://doi.org/10.25493/54HZ-KFQ

Area Fo3
A. Henssen, K. Zilles, N. Palomero-Gallagher, A. Schleicher, H. Mohlberg, F. Gerboga, S.B. Eickhoff, S. Bludau, K. Amunts. Cytoarchitecture and probability maps of the human medial orbitofrontal cortex. Cortex, 75: 87-112, 2016.

Area Fo6
https://doi.org/10.25493/34Q4-H62

Area p24c
Palomero-Gallagher N, Hoffstaedter F, Mohlberg H, Eickhoff SB, Amunts K, Zilles K. (2018) Human pregenual anterior cingulate cortex: structural, functional and connectional heterogeneity. Cerebral Cortex. doi: 10.1093/cercor/bhy124.

Area Fo7
https://doi.org/10.25493/3WEV-561

Area OP9
https://doi.org/10.25493/3A30-5E4

Area 45
K. Amunts, A. Schleicher, U. B¸rgel,H. Mohlberg, H.B.M. Uylings, K. Zilles. Broca's region revisited: Cytoarchitecture and intersubject variability. The Journal of Comparative Neurology 412: 319-341, 1999_x000D__x000D_K. Amunts, P.H. Weiss, H. Mohlberg, P. Pieperhoff, J. Gurd, J.N. Shah, C.J. Marshall, G.R. Fink, K. Zilles. Analysis of the neural mechanisms underlying verbal fluency in cytoarchitectonically defined stereotaxic space - The role of Brodmann's areas 44 and 45. NeuroImage 22 (1): 42-56, 2004

Area Fo4
https://doi.org/10.25493/29G0-66F

Area Fp1
S. Bludau, S.B. Eickhoff, H. Mohlberg, S. Caspers, A.R. Laird, P.T. Fox, A. Schleicher, K. Zilles, K. Amunts. Cytoarchitecture, probability maps and functions of the human frontal pole. NeuroImage, 93: 260-275, 2014.

Area p32
Palomero-Gallagher N, Hoffstaedter F, Mohlberg H, Eickhoff SB, Amunts K, Zilles K. (2018) Human pregenual anterior cingulate cortex: structural, functional and connectional heterogeneity. Cerebral Cortex. doi: 10.1093/cercor/bhy124.

Area s24
Palomero-Gallagher N, Eickhoff1 SB, Hoffstaedter F, Schleicher A, Mohlberg H, Vogt BA, Amunts K, Zilles K. Functional organization of human subgenual cortical areas: relationship between architectonical segregation and connectional heterogeneity. NeuroImage 115, 177-190, 2015.

Area Fo5
https://doi.org/10.25493/HJMY-ZZP

Area Fo2
A. Henssen, K. Zilles, N. Palomero-Gallagher, A. Schleicher, H. Mohlberg, F. Gerboga, S.B. Eickhoff, S. Bludau, K. Amunts. Cytoarchitecture and probability maps of the human medial orbitofrontal cortex. Cortex, 75: 87-112, 2016.

Area OP8
https://doi.org/10.25493/NGF8-TA4

Area p24ab
Palomero-Gallagher N, Hoffstaedter F, Mohlberg H, Eickhoff SB, Amunts K, Zilles K. (2018) Human pregenual anterior cingulate cortex: structural, functional and connectional heterogeneity. Cerebral Cortex. doi: 10.1093/cercor/bhy124.

Area Id7
https://doi.org/10.25493/88QG-JMS

Area 25
Palomero-Gallagher N, Eickhoff1 SB, Hoffstaedter F, Schleicher A, Mohlberg H, Vogt BA, Amunts K, Zilles K. Functional organization of human subgenual cortical areas: relationship between architectonical segregation and connectional heterogeneity. NeuroImage 115, 177-190, 2015.

Area s32
Palomero-Gallagher N, Eickhoff1 SB, Hoffstaedter F, Schleicher A, Mohlberg H, Vogt BA, Amunts K, Zilles K. Functional organization of human subgenual cortical areas: relationship between architectonical segregation and connectional heterogeneity. NeuroImage 115, 177-190, 2015.

Area Fp2
S. Bludau, S.B. Eickhoff, H. Mohlberg, S. Caspers, A.R. Laird, P.T. Fox, A. Schleicher, K. Zilles, K. Amunts. Cytoarchitecture, probability maps and functions of the human frontal pole. NeuroImage, 93: 260-275, 2014.




Cluster 2 	1211 vox	 -6	+36	+42

Assignment based on Maximum Probability Map	Percent of Cluster volume in Area	Percent of Area activated by Cluster
Area 6mr / preSMA	9.0	15.4
Area 6d2	8.1	10.3

Probability exceedance by Area	Mean probability at Cluster location (%)	Mean probability across PMap (%)	Ratio	95% CI	95% CI
Area 6mr / preSMA	32.5	24.6	1.32	1.27	1.37
Area 6d2	26.9	19.1	1.41	1.37	1.44
Area p32	11.0	30.5	0.36	0.34	0.38
Area 6d1	4.4	22.9	0.19	0.17	0.21
Area 6mc / SMA	3.3	18.1	0.18	0.17	0.20
Area p24c	0.4	19.5	0.02	0.01	0.03
Area 33	0.8	18.4	0.05	0.01	0.09

Top probabilites at peak voxels	Union across peaks
Area 6mr / preSMA	0.8
Area 6d2	0.6
Area p32	0.0

Probabilities at local maxima	-6.0 / +36.0 / +42.0 (Height: 4.7)	+6.0 / +16.0 / +68.0 (Height: 4)	-2.0 / +14.0 / +64.0 (Height: 3.4)	-6.0 / +20.0 / +52.0 (Height: 3.2)	+12.0 / +28.0 / +58.0 (Height: 2.7)	+14.0 / +22.0 / +66.0 (Height: 2.7)
Area 6mr / preSMA	0.0	9.1	80.5	6.2	0.0	0.0
Area 6d2	0.0	39.4	2.1	0.0	5.7	22.3
Area p32	1.9	0.0	0.0	0.0	0.0	0.0


Reference List

Area 33
Palomero-Gallagher N, Eickhoff1 SB, Hoffstaedter F, Schleicher A, Mohlberg H, Vogt BA, Amunts K, Zilles K. Functional organization of human subgenual cortical areas: relationship between architectonical segregation and connectional heterogeneity. NeuroImage 115, 177-190, 2015.

Area 6mr / preSMA
J. Ruan, S. Bludau, N. Palomero-Gallagher, S. Caspers, H. Mohlberg, S.B. Eickhoff, R.J. Seitz, K. Amunts. Cytoarchitecture, probability maps, and functions of the human supplementary and pre-supplementary motor areas. Brain Struct Funct, in press, 2018.

Area 6d1
https://doi.org/10.25493/4WSQ-8FM

Area 6d2
https://doi.org/10.25493/KXHS-N90

Area p24c
Palomero-Gallagher N, Hoffstaedter F, Mohlberg H, Eickhoff SB, Amunts K, Zilles K. (2018) Human pregenual anterior cingulate cortex: structural, functional and connectional heterogeneity. Cerebral Cortex. doi: 10.1093/cercor/bhy124.

Area 6mc / SMA
J. Ruan, S. Bludau, N. Palomero-Gallagher, S. Caspers, H. Mohlberg, S.B. Eickhoff, R.J. Seitz, K. Amunts. Cytoarchitecture, probability maps, and functions of the human supplementary and pre-supplementary motor areas. Brain Struct Funct, in press, 2018.

Area p32
Palomero-Gallagher N, Hoffstaedter F, Mohlberg H, Eickhoff SB, Amunts K, Zilles K. (2018) Human pregenual anterior cingulate cortex: structural, functional and connectional heterogeneity. Cerebral Cortex. doi: 10.1093/cercor/bhy124.




Cluster 3 	1016 vox	 -10	+62	+8

Assignment based on Maximum Probability Map	Percent of Cluster volume in Area	Percent of Area activated by Cluster
Area p32	19.5	13.9
Area Fp2	12.9	15.8
Area Fp1	12.8	6.1
Area p24ab	4.8	11.7
Area p24c	3.2	7.0
Area 33	0.1	0.1

Probability exceedance by Area	Mean probability at Cluster location (%)	Mean probability across PMap (%)	Ratio	95% CI	95% CI
Area p32	36.4	30.5	1.19	1.16	1.22
Area Fp1	36.0	39.5	0.91	0.89	0.94
Area Fp2	40.8	32.9	1.24	1.19	1.28
Area p24ab	32.1	20.1	1.60	1.53	1.68
Area p24c	25.6	19.5	1.31	1.25	1.37
Area 33	8.6	18.4	0.47	0.41	0.51
Area s24	3.0	22.9	0.13	0.09	0.17
Area s32	0.3	20.5	0.02	0.01	0.02

Top probabilites at peak voxels	Union across peaks
Area p32	1.0
Area p24ab	0.9
Area Fp2	0.6
Area p24c	0.6
Area Fp1	0.3

Probabilities at local maxima	-10.0 / +62.0 / +8.0 (Height: 4.5)	-6.0 / +52.0 / +28.0 (Height: 4.2)	-24.0 / +58.0 / +18.0 (Height: 3.5)	+4.0 / +42.0 / +18.0 (Height: 3.3)	-2.0 / +46.0 / +4.0 (Height: 2.8)	-6.0 / +46.0 / +6.0 (Height: 2.8)	-2.0 / +50.0 / +2.0 (Height: 2.8)	+6.0 / +56.0 / +30.0 (Height: 2.7)	-10.0 / +62.0 / +22.0 (Height: 2.6)
Area p32	24.3	62.9	0.0	4.2	27.2	36.1	74.2	9.8	0.0
Area p24ab	0.0	0.0	0.0	57.7	64.4	22.8	21.5	0.0	0.0
Area Fp2	63.5	0.0	0.0	0.0	0.0	0.0	0.0	0.0	0.0
Area p24c	0.0	0.0	0.0	21.8	8.4	41.1	4.2	0.0	0.0
Area Fp1	3.0	0.0	19.0	0.0	0.0	0.0	0.0	0.0	9.2


Reference List

Area 33
Palomero-Gallagher N, Eickhoff1 SB, Hoffstaedter F, Schleicher A, Mohlberg H, Vogt BA, Amunts K, Zilles K. Functional organization of human subgenual cortical areas: relationship between architectonical segregation and connectional heterogeneity. NeuroImage 115, 177-190, 2015.

Area p24c
Palomero-Gallagher N, Hoffstaedter F, Mohlberg H, Eickhoff SB, Amunts K, Zilles K. (2018) Human pregenual anterior cingulate cortex: structural, functional and connectional heterogeneity. Cerebral Cortex. doi: 10.1093/cercor/bhy124.

Area Fp1
S. Bludau, S.B. Eickhoff, H. Mohlberg, S. Caspers, A.R. Laird, P.T. Fox, A. Schleicher, K. Zilles, K. Amunts. Cytoarchitecture, probability maps and functions of the human frontal pole. NeuroImage, 93: 260-275, 2014.

Area p32
Palomero-Gallagher N, Hoffstaedter F, Mohlberg H, Eickhoff SB, Amunts K, Zilles K. (2018) Human pregenual anterior cingulate cortex: structural, functional and connectional heterogeneity. Cerebral Cortex. doi: 10.1093/cercor/bhy124.

Area s24
Palomero-Gallagher N, Eickhoff1 SB, Hoffstaedter F, Schleicher A, Mohlberg H, Vogt BA, Amunts K, Zilles K. Functional organization of human subgenual cortical areas: relationship between architectonical segregation and connectional heterogeneity. NeuroImage 115, 177-190, 2015.

Area p24ab
Palomero-Gallagher N, Hoffstaedter F, Mohlberg H, Eickhoff SB, Amunts K, Zilles K. (2018) Human pregenual anterior cingulate cortex: structural, functional and connectional heterogeneity. Cerebral Cortex. doi: 10.1093/cercor/bhy124.

Area s32
Palomero-Gallagher N, Eickhoff1 SB, Hoffstaedter F, Schleicher A, Mohlberg H, Vogt BA, Amunts K, Zilles K. Functional organization of human subgenual cortical areas: relationship between architectonical segregation and connectional heterogeneity. NeuroImage 115, 177-190, 2015.

Area Fp2
S. Bludau, S.B. Eickhoff, H. Mohlberg, S. Caspers, A.R. Laird, P.T. Fox, A. Schleicher, K. Zilles, K. Amunts. Cytoarchitecture, probability maps and functions of the human frontal pole. NeuroImage, 93: 260-275, 2014.




Cluster 4 	709 vox	 +28	-16	+76

Assignment based on Maximum Probability Map	Percent of Cluster volume in Area	Percent of Area activated by Cluster
Area 1	21.1	14.2
Area 6d1	13.8	6.0
Area 3b	3.9	2.0
Area 4a	1.9	1.2
Area 4p	1.6	2.1
Area 2	1.0	0.7

Probability exceedance by Area	Mean probability at Cluster location (%)	Mean probability across PMap (%)	Ratio	95% CI	95% CI
Area 1	48.1	20.4	2.36	2.29	2.43
Area 6d1	31.6	22.9	1.38	1.34	1.41
Area 3b	16.5	19.4	0.85	0.80	0.90
Area 4a	10.7	18.6	0.57	0.54	0.60
Area 2	13.8	17.7	0.78	0.72	0.84
Area 4p	13.7	14.1	0.97	0.87	1.08
Area 6d2	4.8	19.1	0.25	0.23	0.27
Area 6d3	2.4	20.4	0.12	0.10	0.13
Area 3a	8.2	15.7	0.52	0.41	0.67
Area PFt (IPL)	3.3	24.9	0.13	0.11	0.16
Area 5L (SPL)	2.4	20.8	0.11	0.08	0.15
Area hIP2 (IPS)	0.1	15.9	0.00	0.00	0.01

Top probabilites at peak voxels	Union across peaks
Area 6d1	0.5
Area 4p	0.1
Area 6d3	0.0
Area 4a	0.0

Probabilities at local maxima	+28.0 / -16.0 / +76.0 (Height: 5.9)	+32.0 / -18.0 / +56.0 (Height: 3.1)	+30.0 / -18.0 / +52.0 (Height: 3)
Area 6d1	48.3	1.5	0.3
Area 4p	0.0	4.9	3.4
Area 6d3	0.0	0.8	1.0
Area 4a	0.0	0.9	0.0


Reference List

Area 2
C. Grefkes, S. Geyer, T. Schormann, P. Roland, K. Zilles. Human somatosensory area 2: observer-independent cytoarchitectonic mapping, interindividual variability, and population map. NeuroImage 14: 617-31, 2001.

Area hIP2 (IPS)
H.-J. Choi, K. Zilles, H. Mohlberg, A. Schleicher, G. R. Fink, E. Armstrong, and K. Amunts. Cytoarchitectonic identification and probabilistic mapping of two distinct areas within the anterior ventral bank of the human intraparietal sulcus. J.Comp.Neurol. 495 (1):53-69, 2006.

Area 6d1
https://doi.org/10.25493/4WSQ-8FM

Area PFt (IPL)
S. Caspers, S. Geyer, A. Schleicher, H. Mohlberg, K. Amunts, K. Zilles. The human inferior parietal cortex: Cytoarchitectonic parcellation and interindividual variability. Neuroimage 33 (2): 430-448, 2006. _x000D__x000D_S. Caspers, S. B. Eickhoff, S. Geyer, F. Scheperjans, H. Mohlberg, K. Zilles, K. Amunts. The human inferior parietal lobule in stereotaxic space. Brain Structure and Function 212 (6): 481-495, 2008.

Area 6d2
https://doi.org/10.25493/KXHS-N90

Area 3b
S. Geyer, A. Schleicher, K. Zilles. Areas 3a, 3b, and 1 of human primary somatosensory cortex: I. Microstructural organisation and interindividual variability. NeuroImage 10: 63-83, 1999. _x000D__x000D_S. Geyer, T. Schormann, H. Mohlberg, K. Zilles. Areas 3a, 3b, and 1 of human primary somatosensory cortex:  II. Spatial normalization to standard anatomical space. NeuroImage 11 (6): 684-696, 2000.

Area 6d3
https://doi.org/10.25493/NVJ5-JJ

Area 3a
S. Geyer, A. Schleicher, K. Zilles. Areas 3a, 3b, and 1 of human primary somatosensory cortex: I. Microstructural organisation and interindividual variability. NeuroImage 10: 63-83, 1999. _x000D__x000D_S. Geyer, T. Schormann, H. Mohlberg, K. Zilles. Areas 3a, 3b, and 1 of human primary somatosensory cortex:  II. Spatial normalization to standard anatomical space. NeuroImage 11 (6): 684-696, 2000.

Area 4a
S. Geyer, A. Ledberg, A. Schleicher, S. Kinomura, T. Schormann, U.B¸rgel, T.Klingberg, J. Larsson, K.Zilles, P.E. Roland. Two different areas within the primary motor cortex of man, Nature 382: 805-807, 1996

Area 4p
S. Geyer, A. Ledberg, A. Schleicher, S. Kinomura, T. Schormann, U.B¸rgel, T.Klingberg, J. Larsson, K.Zilles, P.E. Roland. Two different areas within the primary motor cortex of man, Nature 382: 805-807, 1996

Area 1
S. Geyer, A. Schleicher, K. Zilles. Areas 3a, 3b, and 1 of human primary somatosensory cortex: I. Microstructural organisation and interindividual variability. NeuroImage 10: 63-83, 1999. _x000D__x000D_S. Geyer, T. Schormann, H. Mohlberg, K. Zilles. Areas 3a, 3b, and 1 of human primary somatosensory cortex:  II. Spatial normalization to standard anatomical space. NeuroImage 11 (6): 684-696, 2000.

Area 5L (SPL)
F. Scheperjans, K. Hermann, S. B. Eickhoff, K. Amunts, A. Schleicher, K. Zilles. Observer-independent cytoarchitectonic mapping of the human superior parietal cortex. Cereb.Cortex 18 (4): 846-867, 2008. _x000D__x000D_F. Scheperjans, S. B. Eickhoff, L. Hˆmke, H. Mohlberg, K. Hermann, K. Amunts, K. Zilles. Probabilistic maps, morphometry, and variability of cytoarchitectonic areas in the human superior parietal cortex. Cereb.Cortex 18 (9): 2141-2157, 2008.




Cluster 5 	486 vox	 -68	-28	-6

Assignment based on Maximum Probability Map	Percent of Cluster volume in Area	Percent of Area activated by Cluster
Area TE 5	12.0	4.4
Area TE 3	3.0	1.2
Area TE 4	2.5	1.2

Probability exceedance by Area	Mean probability at Cluster location (%)	Mean probability across PMap (%)	Ratio	95% CI	95% CI
Area TE 5	24.6	24.3	1.01	0.98	1.05
Area TE 4	17.4	22.3	0.78	0.73	0.84
Area TE 3	14.4	24.2	0.59	0.55	0.63
Area FG4	1.9	24.6	0.08	0.06	0.10
Area FG2	0.1	19.8	0.00	0.00	0.00

Top probabilites at peak voxels	Union across peaks
Area TE 5	0.3
Area TE 3	0.2
Area FG4	0.0

Probabilities at local maxima	-68.0 / -28.0 / -6.0 (Height: 4.4)	-60.0 / -52.0 / -22.0 (Height: 3.2)	-60.0 / -30.0 / -16.0 (Height: 2.5)
Area TE 5	25.5	0.0	6.4
Area TE 3	24.9	0.0	0.0
Area FG4	0.0	0.0	0.0


Reference List

Area TE 3
P. Morosan, J. Rademacher, N. Palomero-Gallagher, and K. Zilles. Anatomical organization of the human auditory cortex: Cytoarchitecture and transmitter receptors. In: The auditory cortex: Towards a synthesis of human and animal research, edited by R. Kˆnig, P. Heil, E. Budinger, and H. Scheich, Mahwah, New Jersey:Lawrence Erlbaum, 2005, p. 27-50.

Area TE 4
https://doi.org/10.25493/F6DF-H8P

Area FG2
J. Caspers, K. Zilles, S.B. Eickhoff, A. Schleicher, H. Mohlberg, K. Amunts. Cytoarchitectonical analysis and probabilistic mapping of two extrastriate areas of the human posterior fusiform gyrus. Brain Structure and Function 218: 511-526, 2013.

Area TE 5
https://doi.org/10.25493/KHY9-J3Y

Area FG4
S. Lorenz, K.S. Weiner, J. Caspers, H. Mohlberg, A. Schleicher, S. Bludau, S.B. Eickhoff, K. Grill-Spector, K. Zilles, K. Amunts. Two new cytoarchitectonic areas on the human mid-fusiform gyrus. Cerebral Cortex 27 (1): 373-385, 2017.




Cluster 6 	360 vox	 -10	-96	+30

Assignment based on Maximum Probability Map	Percent of Cluster volume in Area	Percent of Area activated by Cluster
Area hOc3d [V3d]	54.0	14.1
Area hOc4d [V3A]	13.7	5.5
Area hOc2 [V2]	8.1	1.2
Area 7M (SPL)	1.8	5.2
Area 7P (SPL)	0.2	0.1

Probability exceedance by Area	Mean probability at Cluster location (%)	Mean probability across PMap (%)	Ratio	95% CI	95% CI
Area hOc3d [V3d]	51.6	23.0	2.24	2.21	2.28
Area hOc4d [V3A]	24.1	20.7	1.17	1.13	1.20
Area hOc2 [V2]	23.4	23.0	1.02	0.98	1.06
Area hPO1 (IPS)	7.0	20.6	0.34	0.32	0.36
Area 7M (SPL)	21.0	19.0	1.11	0.95	1.25
Area 7P (SPL)	7.9	21.0	0.38	0.32	0.43
Area hOc1 [V1]	3.0	36.5	0.08	0.07	0.10
Area hIP7 (IPS)	3.9	17.5	0.22	0.18	0.26
Area hOc4lp	2.1	25.3	0.08	0.05	0.12
Area hIP8 (IPS)	1.2	20.2	0.06	0.02	0.13
Area hIP4 (IPS)	0.2	18.0	0.01	0.01	0.01
Area 7A (SPL)	0.1	24.9	0.00	0.00	0.00

Top probabilites at peak voxels	Union across peaks
Area hOc3d [V3d]	0.6
Area 7M (SPL)	0.4
Area hOc2 [V2]	0.3
Area hOc4d [V3A]	0.3
Area hPO1 (IPS)	0.2
Area 7P (SPL)	0.2

Probabilities at local maxima	-10.0 / -96.0 / +30.0 (Height: 4.1)	+8.0 / -84.0 / +44.0 (Height: 3.2)	-4.0 / -84.0 / +38.0 (Height: 2.5)
Area hOc3d [V3d]	51.0	1.8	17.3
Area 7M (SPL)	0.0	3.9	38.4
Area hOc2 [V2]	33.5	0.0	0.0
Area hOc4d [V3A]	13.3	0.0	19.9
Area hPO1 (IPS)	0.8	0.0	16.6
Area 7P (SPL)	0.0	8.3	7.6


Reference List

Area hOc4d [V3A]
M. Kujovic, K. Zilles, A. Malikovic, A.  Schleicher, H. Mohlberg, C. Rottschy, S.B. Eickhoff, K. Amunts. Cytoarchitectonic mapping of the human dorsal extrastriate cortex. Brain Struct. Funct. 218 (1): 157-172, 2013.

Area hPO1 (IPS)
M. Richter, K. Amunts, H. Mohlberg, S. Bludau, S.B. Eickhoff, K. Zilles, S. Caspers. Cytoarchitectonic segregation of human posterior intraparietal and adjacent parieto-occipital sulcus and ist relation to visuomotor and cognitive functions. Cereb Cortex, in press, 2018

Area hOc3d [V3d]
M. Kujovic, K. Zilles, A. Malikovic, A.  Schleicher, H. Mohlberg, C. Rottschy, S.B. Eickhoff, K. Amunts. Cytoarchitectonic mapping of the human dorsal extrastriate cortex. Brain Struct. Funct. 218 (1): 157-172, 2013.

Area hIP4 (IPS)
M. Richter, K. Amunts, H. Mohlberg, S. Bludau, S.B. Eickhoff, K. Zilles, S. Caspers. Cytoarchitectonic segregation of human posterior intraparietal and adjacent parieto-occipital sulcus and ist relation to visuomotor and cognitive functions. Cereb Cortex, in press, 2018

Area 7P (SPL)
F. Scheperjans, K. Hermann, S. B. Eickhoff, K. Amunts, A. Schleicher, K. Zilles. Observer-independent cytoarchitectonic mapping of the human superior parietal cortex. Cereb.Cortex 18 (4): 846-867, 2008. _x000D__x000D_F. Scheperjans, S. B. Eickhoff, L. Hˆmke, H. Mohlberg, K. Hermann, K. Amunts, K. Zilles. Probabilistic maps, morphometry, and variability of cytoarchitectonic areas in the human superior parietal cortex. Cereb.Cortex 18 (9): 2141-2157, 2008.

Area 7A (SPL)
F. Scheperjans, K. Hermann, S. B. Eickhoff, K. Amunts, A. Schleicher, K. Zilles. Observer-independent cytoarchitectonic mapping of the human superior parietal cortex. Cereb.Cortex 18 (4): 846-867, 2008. _x000D__x000D_F. Scheperjans, S. B. Eickhoff, L. Hˆmke, H. Mohlberg, K. Hermann, K. Amunts, K. Zilles. Probabilistic maps, morphometry, and variability of cytoarchitectonic areas in the human superior parietal cortex. Cereb.Cortex 18 (9): 2141-2157, 2008.

Area 7M (SPL)
F. Scheperjans, K. Hermann, S. B. Eickhoff, K. Amunts, A. Schleicher, K. Zilles. Observer-independent cytoarchitectonic mapping of the human superior parietal cortex. Cereb.Cortex 18 (4): 846-867, 2008. _x000D__x000D_F. Scheperjans, S. B. Eickhoff, L. Hˆmke, H. Mohlberg, K. Hermann, K. Amunts, K. Zilles. Probabilistic maps, morphometry, and variability of cytoarchitectonic areas in the human superior parietal cortex. Cereb.Cortex 18 (9): 2141-2157, 2008.

Area hOc1 [V1]
K. Amunts, A. Malikovic, H.Mohlberg, T.Schormann, K. Zilles. Brodmann's areas 17 and 18 brought into stereotaxic space - where and how variable? NeuroImage 11: 66-84, 2000

Area hOc4lp
A. Malikovic, K. Amunts, A. Schleicher, H. Mohlberg, M. Kujovic, S.E. Eickhoff, K. Zilles. Cytoarchitecture of the human lateral occipital cortex: Mapping of two extrastriate areas hOc4la and hOc4lp. Brain Structure and Function, 221(4):1877-97, 2016.

Area hIP8 (IPS)
M. Richter, K. Amunts, H. Mohlberg, S. Bludau, S.B. Eickhoff, K. Zilles, S. Caspers. Cytoarchitectonic segregation of human posterior intraparietal and adjacent parieto-occipital sulcus and ist relation to visuomotor and cognitive functions. Cereb Cortex, in press, 2018

Area hIP7 (IPS)
M. Richter, K. Amunts, H. Mohlberg, S. Bludau, S.B. Eickhoff, K. Zilles, S. Caspers. Cytoarchitectonic segregation of human posterior intraparietal and adjacent parieto-occipital sulcus and ist relation to visuomotor and cognitive functions. Cereb Cortex, in press, 2018

Area hOc2 [V2]
K. Amunts, A. Malikovic, H.Mohlberg, T.Schormann, K. Zilles. Brodmann's areas 17 and 18 brought into stereotaxic space - where and how variable? NeuroImage 11: 66-84, 2000




Cluster 7 	324 vox	 +14	+56	+10

Assignment based on Maximum Probability Map	Percent of Cluster volume in Area	Percent of Area activated by Cluster
Area Fo3	10.8	2.4
Area p32	6.9	1.6
Area Fo1	2.2	1.0
Area Fp1	1.6	0.2
Area Fp2	0.5	0.2

Probability exceedance by Area	Mean probability at Cluster location (%)	Mean probability across PMap (%)	Ratio	95% CI	95% CI
Area Fo3	37.3	34.9	1.07	1.01	1.12
Area p32	25.1	30.5	0.82	0.76	0.87
Area Fp1	15.3	39.5	0.39	0.36	0.41
Area Fo1	21.2	35.7	0.59	0.53	0.66
Area Fp2	9.7	32.9	0.30	0.26	0.33
Area p24c	9.8	19.5	0.50	0.40	0.60
Area Fo4	2.7	22.6	0.12	0.08	0.17
Area s32	0.0	20.5	0.00	0.00	0.00
Area Fo7	0.0	20.0	0.00	0.00	0.00

Top probabilites at peak voxels	Union across peaks
Area Fo3	0.6
Area p32	0.5
Area Fp1	0.2
Area Fp2	0.0

Probabilities at local maxima	+14.0 / +56.0 / +10.0 (Height: 3.9)	+14.0 / +54.0 / -16.0 (Height: 3.7)	+18.0 / +52.0 / -16.0 (Height: 3.6)	+24.0 / +52.0 / +10.0 (Height: 2.9)	+14.0 / +56.0 / +2.0 (Height: 2.8)	+16.0 / +56.0 / -2.0 (Height: 2.8)	+14.0 / +58.0 / -6.0 (Height: 2.7)
Area Fo3	0.0	12.4	56.6	0.0	0.0	0.0	0.0
Area p32	40.8	0.0	0.0	0.0	22.1	0.0	0.4
Area Fp1	0.0	0.0	0.0	6.2	0.0	2.8	6.8
Area Fp2	0.0	0.0	0.0	0.0	0.6	0.0	0.3


Reference List

Area Fo1
A. Henssen, K. Zilles, N. Palomero-Gallagher, A. Schleicher, H. Mohlberg, F. Gerboga, S.B. Eickhoff, S. Bludau, K. Amunts. Cytoarchitecture and probability maps of the human medial orbitofrontal cortex. Cortex, 75: 87-112, 2016.

Area Fo3
A. Henssen, K. Zilles, N. Palomero-Gallagher, A. Schleicher, H. Mohlberg, F. Gerboga, S.B. Eickhoff, S. Bludau, K. Amunts. Cytoarchitecture and probability maps of the human medial orbitofrontal cortex. Cortex, 75: 87-112, 2016.

Area p24c
Palomero-Gallagher N, Hoffstaedter F, Mohlberg H, Eickhoff SB, Amunts K, Zilles K. (2018) Human pregenual anterior cingulate cortex: structural, functional and connectional heterogeneity. Cerebral Cortex. doi: 10.1093/cercor/bhy124.

Area Fo7
https://doi.org/10.25493/3WEV-561

Area Fo4
https://doi.org/10.25493/29G0-66F

Area Fp1
S. Bludau, S.B. Eickhoff, H. Mohlberg, S. Caspers, A.R. Laird, P.T. Fox, A. Schleicher, K. Zilles, K. Amunts. Cytoarchitecture, probability maps and functions of the human frontal pole. NeuroImage, 93: 260-275, 2014.

Area p32
Palomero-Gallagher N, Hoffstaedter F, Mohlberg H, Eickhoff SB, Amunts K, Zilles K. (2018) Human pregenual anterior cingulate cortex: structural, functional and connectional heterogeneity. Cerebral Cortex. doi: 10.1093/cercor/bhy124.

Area s32
Palomero-Gallagher N, Eickhoff1 SB, Hoffstaedter F, Schleicher A, Mohlberg H, Vogt BA, Amunts K, Zilles K. Functional organization of human subgenual cortical areas: relationship between architectonical segregation and connectional heterogeneity. NeuroImage 115, 177-190, 2015.

Area Fp2
S. Bludau, S.B. Eickhoff, H. Mohlberg, S. Caspers, A.R. Laird, P.T. Fox, A. Schleicher, K. Zilles, K. Amunts. Cytoarchitecture, probability maps and functions of the human frontal pole. NeuroImage, 93: 260-275, 2014.




Cluster 8 	321 vox	 -54	-60	+40

Assignment based on Maximum Probability Map	Percent of Cluster volume in Area	Percent of Area activated by Cluster
Area PGa (IPL)	54.2	13.7
Area PFm (IPL)	25.4	5.5
Area hIP1 (IPS)	1.9	0.7
Area hIP6 (IPS)	1.1	0.4
Area PF (IPL)	0.2	0.1
Area PGp (IPL)	0.2	0.0

Probability exceedance by Area	Mean probability at Cluster location (%)	Mean probability across PMap (%)	Ratio	95% CI	95% CI
Area PGa (IPL)	39.3	19.1	2.06	2.02	2.11
Area PFm (IPL)	30.4	24.0	1.26	1.23	1.30
Area PGp (IPL)	10.6	25.2	0.42	0.40	0.44
Area hIP1 (IPS)	8.2	19.1	0.43	0.40	0.46
Area PF (IPL)	6.6	21.7	0.30	0.28	0.33
Area hIP6 (IPS)	10.0	20.8	0.48	0.43	0.54
Area hIP2 (IPS)	3.1	15.9	0.20	0.16	0.24
Area hIP3 (IPS)	1.7	18.0	0.10	0.07	0.12
Area 7A (SPL)	0.7	24.9	0.03	0.02	0.04
Area PFcm (IPL)	2.2	18.9	0.12	0.06	0.17
Area 7PC (SPL)	0.1	18.1	0.01	0.00	0.01

Top probabilites at peak voxels	Union across peaks
Area PGa (IPL)	1.0
Area PFm (IPL)	0.9
Area PGp (IPL)	0.9
Area hIP6 (IPS)	0.1
Area PF (IPL)	0.1
Area hIP3 (IPS)	0.1
Area hIP1 (IPS)	0.0

Probabilities at local maxima	-54.0 / -60.0 / +40.0 (Height: 3.5)	-48.0 / -56.0 / +36.0 (Height: 3.3)	-52.0 / -58.0 / +52.0 (Height: 3.2)	-42.0 / -68.0 / +48.0 (Height: 2.5)	-46.0 / -66.0 / +48.0 (Height: 2.5)	-46.0 / -56.0 / +58.0 (Height: 2.5)	-44.0 / -70.0 / +46.0 (Height: 2.5)	-44.0 / -66.0 / +44.0 (Height: 2.5)	-44.0 / -70.0 / +50.0 (Height: 2.4)
Area PGa (IPL)	69.4	35.0	38.6	47.2	57.4	35.4	54.1	53.9	61.5
Area PFm (IPL)	30.0	27.8	61.3	2.6	16.8	30.2	1.3	8.7	6.0
Area PGp (IPL)	0.5	0.0	0.0	38.7	25.8	0.0	44.6	31.1	30.6
Area hIP6 (IPS)	0.0	0.0	0.0	11.4	0.0	0.0	0.0	0.0	0.0
Area PF (IPL)	0.0	9.6	0.1	0.0	0.0	0.0	0.0	0.0	0.0
Area hIP3 (IPS)	0.0	0.0	0.0	0.0	0.0	5.4	0.0	0.0	0.0
Area hIP1 (IPS)	0.0	0.0	0.0	0.0	0.0	0.0	0.0	0.1	0.0


Reference List

Area PGa (IPL)
S. Caspers, S. Geyer, A. Schleicher, H. Mohlberg, K. Amunts, K. Zilles. The human inferior parietal cortex: Cytoarchitectonic parcellation and interindividual variability. Neuroimage 33 (2): 430-448, 2006. _x000D__x000D_S. Caspers, S. B. Eickhoff, S. Geyer, F. Scheperjans, H. Mohlberg, K. Zilles, K. Amunts. The human inferior parietal lobule in stereotaxic space. Brain Structure and Function 212 (6): 481-495, 2008.

Area 7PC (SPL)
F. Scheperjans, K. Hermann, S. B. Eickhoff, K. Amunts, A. Schleicher, K. Zilles. Observer-independent cytoarchitectonic mapping of the human superior parietal cortex. Cereb.Cortex 18 (4): 846-867, 2008. _x000D__x000D_F. Scheperjans, S. B. Eickhoff, L. Hˆmke, H. Mohlberg, K. Hermann, K. Amunts, K. Zilles. Probabilistic maps, morphometry, and variability of cytoarchitectonic areas in the human superior parietal cortex. Cereb.Cortex 18 (9): 2141-2157, 2008.

Area hIP1 (IPS)
H.-J. Choi, K. Zilles, H. Mohlberg, A. Schleicher, G. R. Fink, E. Armstrong, and K. Amunts. Cytoarchitectonic identification and probabilistic mapping of two distinct areas within the anterior ventral bank of the human intraparietal sulcus. J.Comp.Neurol. 495 (1):53-69, 2006.

Area PFm (IPL)
S. Caspers, S. Geyer, A. Schleicher, H. Mohlberg, K. Amunts, K. Zilles. The human inferior parietal cortex: Cytoarchitectonic parcellation and interindividual variability. Neuroimage 33 (2): 430-448, 2006. _x000D__x000D_S. Caspers, S. B. Eickhoff, S. Geyer, F. Scheperjans, H. Mohlberg, K. Zilles, K. Amunts. The human inferior parietal lobule in stereotaxic space. Brain Structure and Function 212 (6): 481-495, 2008.

Area hIP2 (IPS)
H.-J. Choi, K. Zilles, H. Mohlberg, A. Schleicher, G. R. Fink, E. Armstrong, and K. Amunts. Cytoarchitectonic identification and probabilistic mapping of two distinct areas within the anterior ventral bank of the human intraparietal sulcus. J.Comp.Neurol. 495 (1):53-69, 2006.

Area hIP3 (IPS)
F. Scheperjans, K. Hermann, S. B. Eickhoff, K. Amunts, A. Schleicher, K. Zilles. Observer-independent cytoarchitectonic mapping of the human superior parietal cortex. Cereb.Cortex 18 (4): 846-867, 2008. _x000D__x000D_F. Scheperjans, S. B. Eickhoff, L. Hˆmke, H. Mohlberg, K. Hermann, K. Amunts, K. Zilles. Probabilistic maps, morphometry, and variability of cytoarchitectonic areas in the human superior parietal cortex. Cereb.Cortex 18 (9): 2141-2157, 2008.

Area PFcm (IPL)
S. Caspers, S. Geyer, A. Schleicher, H. Mohlberg, K. Amunts, K. Zilles. The human inferior parietal cortex: Cytoarchitectonic parcellation and interindividual variability. Neuroimage 33 (2): 430-448, 2006. _x000D__x000D_S. Caspers, S. B. Eickhoff, S. Geyer, F. Scheperjans, H. Mohlberg, K. Zilles, K. Amunts. The human inferior parietal lobule in stereotaxic space. Brain Structure and Function 212 (6): 481-495, 2008.

Area PGp (IPL)
S. Caspers, S. Geyer, A. Schleicher, H. Mohlberg, K. Amunts, K. Zilles. The human inferior parietal cortex: Cytoarchitectonic parcellation and interindividual variability. Neuroimage 33 (2): 430-448, 2006. _x000D__x000D_S. Caspers, S. B. Eickhoff, S. Geyer, F. Scheperjans, H. Mohlberg, K. Zilles, K. Amunts. The human inferior parietal lobule in stereotaxic space. Brain Structure and Function 212 (6): 481-495, 2008.

Area PF (IPL)
S. Caspers, S. Geyer, A. Schleicher, H. Mohlberg, K. Amunts, K. Zilles. The human inferior parietal cortex: Cytoarchitectonic parcellation and interindividual variability. Neuroimage 33 (2): 430-448, 2006. _x000D__x000D_S. Caspers, S. B. Eickhoff, S. Geyer, F. Scheperjans, H. Mohlberg, K. Zilles, K. Amunts. The human inferior parietal lobule in stereotaxic space. Brain Structure and Function 212 (6): 481-495, 2008.

Area 7A (SPL)
F. Scheperjans, K. Hermann, S. B. Eickhoff, K. Amunts, A. Schleicher, K. Zilles. Observer-independent cytoarchitectonic mapping of the human superior parietal cortex. Cereb.Cortex 18 (4): 846-867, 2008. _x000D__x000D_F. Scheperjans, S. B. Eickhoff, L. Hˆmke, H. Mohlberg, K. Hermann, K. Amunts, K. Zilles. Probabilistic maps, morphometry, and variability of cytoarchitectonic areas in the human superior parietal cortex. Cereb.Cortex 18 (9): 2141-2157, 2008.

Area hIP6 (IPS)
M. Richter, K. Amunts, H. Mohlberg, S. Bludau, S.B. Eickhoff, K. Zilles, S. Caspers. Cytoarchitectonic segregation of human posterior intraparietal and adjacent parieto-occipital sulcus and ist relation to visuomotor and cognitive functions. Cereb Cortex, in press, 2018




Cluster 9 	303 vox	 +42	+54	-2

Assignment based on Maximum Probability Map	Percent of Cluster volume in Area	Percent of Area activated by Cluster
Area Fo6	23.3	12.4
Area Fo5	12.6	11.5
Area Fo7	3.0	2.4
Area Fo4	1.1	0.7

Probability exceedance by Area	Mean probability at Cluster location (%)	Mean probability across PMap (%)	Ratio	95% CI	95% CI
Area Fo6	27.8	26.0	1.07	1.01	1.12
Area Fo5	21.9	19.5	1.13	1.07	1.16
Area Fo7	9.6	20.0	0.48	0.44	0.53
Area Fo4	8.1	22.6	0.36	0.32	0.40
Area Fp1	5.3	39.5	0.13	0.12	0.15
Area 45	10.0	21.7	0.46	0.28	0.63
Area OP9	1.0	18.5	0.05	0.00	0.09

Top probabilites at peak voxels	Union across peaks
Area Fo5	0.8
Area Fo6	0.6
Area Fo7	0.5
Area Fo4	0.3
Area 45	0.0
Area Fp1	0.0
Area OP9	0.0

Probabilities at local maxima	+42.0 / +54.0 / -2.0 (Height: 4.2)	+48.0 / +48.0 / -4.0 (Height: 3.8)	+40.0 / +60.0 / +0.0 (Height: 3.5)	+38.0 / +48.0 / -8.0 (Height: 3.1)	+38.0 / +48.0 / -12.0 (Height: 3.1)	+50.0 / +38.0 / -8.0 (Height: 2.6)
Area Fo5	30.2	25.9	58.5	0.0	0.0	0.0
Area Fo6	0.0	21.1	0.0	0.0	6.7	45.0
Area Fo7	0.0	0.0	0.0	23.0	38.4	0.0
Area Fo4	0.0	0.0	0.0	7.1	19.8	0.0
Area 45	0.0	0.0	0.0	0.0	0.0	4.0
Area Fp1	0.0	0.0	0.8	0.0	0.0	0.0
Area OP9	0.0	0.0	0.0	0.0	0.0	0.0


Reference List

Area Fo6
https://doi.org/10.25493/34Q4-H62

Area Fo7
https://doi.org/10.25493/3WEV-561

Area OP9
https://doi.org/10.25493/3A30-5E4

Area 45
K. Amunts, A. Schleicher, U. B¸rgel,H. Mohlberg, H.B.M. Uylings, K. Zilles. Broca's region revisited: Cytoarchitecture and intersubject variability. The Journal of Comparative Neurology 412: 319-341, 1999_x000D__x000D_K. Amunts, P.H. Weiss, H. Mohlberg, P. Pieperhoff, J. Gurd, J.N. Shah, C.J. Marshall, G.R. Fink, K. Zilles. Analysis of the neural mechanisms underlying verbal fluency in cytoarchitectonically defined stereotaxic space - The role of Brodmann's areas 44 and 45. NeuroImage 22 (1): 42-56, 2004

Area Fo4
https://doi.org/10.25493/29G0-66F

Area Fp1
S. Bludau, S.B. Eickhoff, H. Mohlberg, S. Caspers, A.R. Laird, P.T. Fox, A. Schleicher, K. Zilles, K. Amunts. Cytoarchitecture, probability maps and functions of the human frontal pole. NeuroImage, 93: 260-275, 2014.

Area Fo5
https://doi.org/10.25493/HJMY-ZZP




Cluster 10 	253 vox	 +56	+22	-16

Assignment based on Maximum Probability Map	Percent of Cluster volume in Area	Percent of Area activated by Cluster
Area TE 3	0.2	0.0

Probability exceedance by Area	Mean probability at Cluster location (%)	Mean probability across PMap (%)	Ratio	95% CI	95% CI
Area TE 3	10.2	24.2	0.42	0.32	0.55
Area 45	10.3	21.7	0.47	0.40	0.56
Area OP9	2.3	18.5	0.12	0.09	0.16
Area Fo6	1.0	26.0	0.04	0.01	0.09
Area TE 5	1.2	24.3	0.05	0.01	0.07
Area 44	0.3	18.7	0.02	0.01	0.02
Area OP8	0.3	12.7	0.03	0.00	0.04

Top probabilites at peak voxels	Union across peaks

Probabilities at local maxima


Reference List

Area TE 3
P. Morosan, J. Rademacher, N. Palomero-Gallagher, and K. Zilles. Anatomical organization of the human auditory cortex: Cytoarchitecture and transmitter receptors. In: The auditory cortex: Towards a synthesis of human and animal research, edited by R. Kˆnig, P. Heil, E. Budinger, and H. Scheich, Mahwah, New Jersey:Lawrence Erlbaum, 2005, p. 27-50.

Area 44
K. Amunts, A. Schleicher, U. B¸rgel,H. Mohlberg, H.B.M. Uylings, K. Zilles. Broca's region revisited: Cytoarchitecture and intersubject variability. The Journal of Comparative Neurology 412: 319-341, 1999_x000D__x000D_K. Amunts, P.H. Weiss, H. Mohlberg, P. Pieperhoff, J. Gurd, J.N. Shah, C.J. Marshall, G.R. Fink, K. Zilles. Analysis of the neural mechanisms underlying verbal fluency in cytoarchitectonically defined stereotaxic space - The role of Brodmann's areas 44 and 45. NeuroImage 22 (1): 42-56, 2004

Area Fo6
https://doi.org/10.25493/34Q4-H62

Area OP9
https://doi.org/10.25493/3A30-5E4

Area 45
K. Amunts, A. Schleicher, U. B¸rgel,H. Mohlberg, H.B.M. Uylings, K. Zilles. Broca's region revisited: Cytoarchitecture and intersubject variability. The Journal of Comparative Neurology 412: 319-341, 1999_x000D__x000D_K. Amunts, P.H. Weiss, H. Mohlberg, P. Pieperhoff, J. Gurd, J.N. Shah, C.J. Marshall, G.R. Fink, K. Zilles. Analysis of the neural mechanisms underlying verbal fluency in cytoarchitectonically defined stereotaxic space - The role of Brodmann's areas 44 and 45. NeuroImage 22 (1): 42-56, 2004

Area TE 5
https://doi.org/10.25493/KHY9-J3Y

Area OP8
https://doi.org/10.25493/NGF8-TA4




Cluster 11 	236 vox	 +70	-16	+16

Assignment based on Maximum Probability Map	Percent of Cluster volume in Area	Percent of Area activated by Cluster
Area OP1 [SII]	32.4	10.3
Area OP4 [PV]	24.8	12.7
Area TE 3	10.6	2.1
Area PFop (IPL)	0.4	0.2

Probability exceedance by Area	Mean probability at Cluster location (%)	Mean probability across PMap (%)	Ratio	95% CI	95% CI
Area OP1 [SII]	30.6	18.9	1.62	1.56	1.66
Area OP4 [PV]	25.1	15.3	1.64	1.58	1.71
Area TE 3	28.2	24.2	1.17	1.09	1.24
Area TE 1.0	8.0	15.1	0.53	0.49	0.57
Area PFop (IPL)	4.8	16.1	0.29	0.26	0.33
Area OP3 [VS]	3.4	12.9	0.27	0.22	0.31
Area 1	2.1	20.4	0.10	0.08	0.13
Area PFcm (IPL)	2.6	18.9	0.14	0.10	0.18
Area 3b	3.1	19.4	0.16	0.08	0.25
Area PFt (IPL)	0.7	24.9	0.03	0.01	0.05
Area PF (IPL)	0.4	21.7	0.02	0.01	0.03
Area TE 1.2	0.1	12.2	0.01	0.01	0.01
Area 3a	0.5	15.7	0.03	0.00	0.06
Area TE 1.1	0.0	19.3	0.00	0.00	0.00

Top probabilites at peak voxels	Union across peaks
Area OP1 [SII]	0.6
Area OP4 [PV]	0.5
Area TE 1.0	0.1
Area TE 3	0.0

Probabilities at local maxima	+56.0 / -12.0 / +16.0 (Height: 3.9)	+62.0 / -12.0 / +12.0 (Height: 3.7)
Area OP1 [SII]	48.5	24.7
Area OP4 [PV]	25.7	31.6
Area TE 1.0	7.7	0.0
Area TE 3	0.0	2.1


Reference List

Area TE 3
P. Morosan, J. Rademacher, N. Palomero-Gallagher, and K. Zilles. Anatomical organization of the human auditory cortex: Cytoarchitecture and transmitter receptors. In: The auditory cortex: Towards a synthesis of human and animal research, edited by R. Kˆnig, P. Heil, E. Budinger, and H. Scheich, Mahwah, New Jersey:Lawrence Erlbaum, 2005, p. 27-50.

Area PFt (IPL)
S. Caspers, S. Geyer, A. Schleicher, H. Mohlberg, K. Amunts, K. Zilles. The human inferior parietal cortex: Cytoarchitectonic parcellation and interindividual variability. Neuroimage 33 (2): 430-448, 2006. _x000D__x000D_S. Caspers, S. B. Eickhoff, S. Geyer, F. Scheperjans, H. Mohlberg, K. Zilles, K. Amunts. The human inferior parietal lobule in stereotaxic space. Brain Structure and Function 212 (6): 481-495, 2008.

Area PFcm (IPL)
S. Caspers, S. Geyer, A. Schleicher, H. Mohlberg, K. Amunts, K. Zilles. The human inferior parietal cortex: Cytoarchitectonic parcellation and interindividual variability. Neuroimage 33 (2): 430-448, 2006. _x000D__x000D_S. Caspers, S. B. Eickhoff, S. Geyer, F. Scheperjans, H. Mohlberg, K. Zilles, K. Amunts. The human inferior parietal lobule in stereotaxic space. Brain Structure and Function 212 (6): 481-495, 2008.

Area TE 1.1
P. Morosan, J. Rademacher, A. Schleicher, K. Amunts, T. Schormann, K. Zilles. Human primary auditory cortex: Cytoarchitectonic subdivisions and mapping into a spatial reference system. NeuroImage 13: 684-701, 2001._x000D__x000D_J. Rademacher, P. Morosan, T. Schormann, A. Schleicher, C. Werner, H.J. Freund, K. Zilles. Probabilistic mapping and volume measurement of human primary auditory cortex. NeuroImage 13: 669-683, 2001.

Area 3b
S. Geyer, A. Schleicher, K. Zilles. Areas 3a, 3b, and 1 of human primary somatosensory cortex: I. Microstructural organisation and interindividual variability. NeuroImage 10: 63-83, 1999. _x000D__x000D_S. Geyer, T. Schormann, H. Mohlberg, K. Zilles. Areas 3a, 3b, and 1 of human primary somatosensory cortex:  II. Spatial normalization to standard anatomical space. NeuroImage 11 (6): 684-696, 2000.

Area 3a
S. Geyer, A. Schleicher, K. Zilles. Areas 3a, 3b, and 1 of human primary somatosensory cortex: I. Microstructural organisation and interindividual variability. NeuroImage 10: 63-83, 1999. _x000D__x000D_S. Geyer, T. Schormann, H. Mohlberg, K. Zilles. Areas 3a, 3b, and 1 of human primary somatosensory cortex:  II. Spatial normalization to standard anatomical space. NeuroImage 11 (6): 684-696, 2000.

Area TE 1.2
P. Morosan, J. Rademacher, A. Schleicher, K. Amunts, T. Schormann, K. Zilles. Human primary auditory cortex: Cytoarchitectonic subdivisions and mapping into a spatial reference system. NeuroImage 13: 684-701, 2001._x000D__x000D_J. Rademacher, P. Morosan, T. Schormann, A. Schleicher, C. Werner, H.J. Freund, K. Zilles. Probabilistic mapping and volume measurement of human primary auditory cortex. NeuroImage 13: 669-683, 2001.

Area 1
S. Geyer, A. Schleicher, K. Zilles. Areas 3a, 3b, and 1 of human primary somatosensory cortex: I. Microstructural organisation and interindividual variability. NeuroImage 10: 63-83, 1999. _x000D__x000D_S. Geyer, T. Schormann, H. Mohlberg, K. Zilles. Areas 3a, 3b, and 1 of human primary somatosensory cortex:  II. Spatial normalization to standard anatomical space. NeuroImage 11 (6): 684-696, 2000.

Area OP1 [SII]
S. Eickhoff, A. Schleicher, K. Zilles, K. Amunts. The human parietal operculum. I. Cytoarchitectonic mapping of subdivisions. Cereb. Cortex 16 (2): 254-267, 2006., _x000D__x000D_S. Eickhoff, K. Amunts, H. Mohlberg, K. Zilles. The human parietal operculum. II. Stereotaxic maps and correlation with functional imaging results. Cereb. Cortex 16 (2): 268-279, 2006.

Area TE 1.0
P. Morosan, J. Rademacher, A. Schleicher, K. Amunts, T. Schormann, K. Zilles. Human primary auditory cortex: Cytoarchitectonic subdivisions and mapping into a spatial reference system. NeuroImage 13: 684-701, 2001._x000D__x000D_J. Rademacher, P. Morosan, T. Schormann, A. Schleicher, C. Werner, H.J. Freund, K. Zilles. Probabilistic mapping and volume measurement of human primary auditory cortex. NeuroImage 13: 669-683, 2001.

Area PF (IPL)
S. Caspers, S. Geyer, A. Schleicher, H. Mohlberg, K. Amunts, K. Zilles. The human inferior parietal cortex: Cytoarchitectonic parcellation and interindividual variability. Neuroimage 33 (2): 430-448, 2006. _x000D__x000D_S. Caspers, S. B. Eickhoff, S. Geyer, F. Scheperjans, H. Mohlberg, K. Zilles, K. Amunts. The human inferior parietal lobule in stereotaxic space. Brain Structure and Function 212 (6): 481-495, 2008.

Area OP3 [VS]
S. Eickhoff, A. Schleicher, K. Zilles, K. Amunts. The human parietal operculum. I. Cytoarchitectonic mapping of subdivisions. Cereb. Cortex 16 (2): 254-267, 2006., _x000D__x000D_S. Eickhoff, K. Amunts, H. Mohlberg, K. Zilles. The human parietal operculum. II. Stereotaxic maps and correlation with functional imaging results. Cereb. Cortex 16 (2): 268-279, 2006.

Area OP4 [PV]
S. Eickhoff, A. Schleicher, K. Zilles, K. Amunts. The human parietal operculum. I. Cytoarchitectonic mapping of subdivisions. Cereb. Cortex 16 (2): 254-267, 2006., _x000D__x000D_S. Eickhoff, K. Amunts, H. Mohlberg, K. Zilles. The human parietal operculum. II. Stereotaxic maps and correlation with functional imaging results. Cereb. Cortex 16 (2): 268-279, 2006.

Area PFop (IPL)
S. Caspers, S. Geyer, A. Schleicher, H. Mohlberg, K. Amunts, K. Zilles. The human inferior parietal cortex: Cytoarchitectonic parcellation and interindividual variability. Neuroimage 33 (2): 430-448, 2006. _x000D__x000D_S. Caspers, S. B. Eickhoff, S. Geyer, F. Scheperjans, H. Mohlberg, K. Zilles, K. Amunts. The human inferior parietal lobule in stereotaxic space. Brain Structure and Function 212 (6): 481-495, 2008.




Cluster 12 	211 vox	 +8	-96	-10

Assignment based on Maximum Probability Map	Percent of Cluster volume in Area	Percent of Area activated by Cluster
Area hOc1 [V1]	65.3	4.0
Area hOc2 [V2]	10.9	1.0

Probability exceedance by Area	Mean probability at Cluster location (%)	Mean probability across PMap (%)	Ratio	95% CI	95% CI
Area hOc1 [V1]	70.2	36.5	1.92	1.89	1.95
Area hOc2 [V2]	22.3	23.0	0.97	0.92	1.02
Area hOc3v [V3v]	2.0	24.2	0.08	0.07	0.10
Area hOc3d [V3d]	0.1	23.0	0.01	0.00	0.01

Top probabilites at peak voxels	Union across peaks
Area hOc1 [V1]	0.9
Area hOc2 [V2]	0.2

Probabilities at local maxima	+0.0 / -86.0 / +4.0 (Height: 2.9)	-8.0 / -86.0 / +8.0 (Height: 2.6)
Area hOc1 [V1]	70.7	80.3
Area hOc2 [V2]	11.2	5.1


Reference List

Area hOc3v [V3v]
C. Rottschy, S.B. Eickhoff, A. Schleicher, H. Mohlberg, K. Zilles, K. Amunts. The ventral visual cortex in humans: Cytoarchitectonic mapping of two extrastriate areas. Human Brain Mapping 28 (1): 1-8, 2007

Area hOc3d [V3d]
M. Kujovic, K. Zilles, A. Malikovic, A.  Schleicher, H. Mohlberg, C. Rottschy, S.B. Eickhoff, K. Amunts. Cytoarchitectonic mapping of the human dorsal extrastriate cortex. Brain Struct. Funct. 218 (1): 157-172, 2013.

Area hOc1 [V1]
K. Amunts, A. Malikovic, H.Mohlberg, T.Schormann, K. Zilles. Brodmann's areas 17 and 18 brought into stereotaxic space - where and how variable? NeuroImage 11: 66-84, 2000

Area hOc2 [V2]
K. Amunts, A. Malikovic, H.Mohlberg, T.Schormann, K. Zilles. Brodmann's areas 17 and 18 brought into stereotaxic space - where and how variable? NeuroImage 11: 66-84, 2000




Cluster 13 	143 vox	 +56	-48	+30

Assignment based on Maximum Probability Map	Percent of Cluster volume in Area	Percent of Area activated by Cluster
Area PGa (IPL)	53.6	6.0
Area PFm (IPL)	25.0	2.4
Area PGp (IPL)	2.1	0.2

Probability exceedance by Area	Mean probability at Cluster location (%)	Mean probability across PMap (%)	Ratio	95% CI	95% CI
Area PGa (IPL)	38.7	19.1	2.03	1.98	2.09
Area PFm (IPL)	28.5	24.0	1.19	1.14	1.24
Area PGp (IPL)	10.5	25.2	0.42	0.37	0.45
Area hIP1 (IPS)	7.0	19.1	0.37	0.34	0.39
Area PFcm (IPL)	1.3	18.9	0.07	0.04	0.10
Area PF (IPL)	1.1	21.7	0.05	0.03	0.07

Top probabilites at peak voxels	Union across peaks
Area PFm (IPL)	0.8
Area PGa (IPL)	0.8
Area PGp (IPL)	0.2
Area hIP1 (IPS)	0.1
Area PFcm (IPL)	0.0

Probabilities at local maxima	+56.0 / -48.0 / +30.0 (Height: 3.3)	+48.0 / -40.0 / +24.0 (Height: 2.7)	+52.0 / -56.0 / +32.0 (Height: 2.6)	+58.0 / -52.0 / +44.0 (Height: 2.4)	+50.0 / -38.0 / +22.0 (Height: 2.4)
Area PFm (IPL)	21.2	13.5	0.0	67.8	6.1
Area PGa (IPL)	40.6	0.0	39.0	32.2	0.0
Area PGp (IPL)	0.0	0.0	20.6	0.0	0.0
Area hIP1 (IPS)	12.3	0.0	0.1	0.0	0.0
Area PFcm (IPL)	0.0	0.0	0.0	0.0	2.8


Reference List

Area PGa (IPL)
S. Caspers, S. Geyer, A. Schleicher, H. Mohlberg, K. Amunts, K. Zilles. The human inferior parietal cortex: Cytoarchitectonic parcellation and interindividual variability. Neuroimage 33 (2): 430-448, 2006. _x000D__x000D_S. Caspers, S. B. Eickhoff, S. Geyer, F. Scheperjans, H. Mohlberg, K. Zilles, K. Amunts. The human inferior parietal lobule in stereotaxic space. Brain Structure and Function 212 (6): 481-495, 2008.

Area hIP1 (IPS)
H.-J. Choi, K. Zilles, H. Mohlberg, A. Schleicher, G. R. Fink, E. Armstrong, and K. Amunts. Cytoarchitectonic identification and probabilistic mapping of two distinct areas within the anterior ventral bank of the human intraparietal sulcus. J.Comp.Neurol. 495 (1):53-69, 2006.

Area PFm (IPL)
S. Caspers, S. Geyer, A. Schleicher, H. Mohlberg, K. Amunts, K. Zilles. The human inferior parietal cortex: Cytoarchitectonic parcellation and interindividual variability. Neuroimage 33 (2): 430-448, 2006. _x000D__x000D_S. Caspers, S. B. Eickhoff, S. Geyer, F. Scheperjans, H. Mohlberg, K. Zilles, K. Amunts. The human inferior parietal lobule in stereotaxic space. Brain Structure and Function 212 (6): 481-495, 2008.

Area PFcm (IPL)
S. Caspers, S. Geyer, A. Schleicher, H. Mohlberg, K. Amunts, K. Zilles. The human inferior parietal cortex: Cytoarchitectonic parcellation and interindividual variability. Neuroimage 33 (2): 430-448, 2006. _x000D__x000D_S. Caspers, S. B. Eickhoff, S. Geyer, F. Scheperjans, H. Mohlberg, K. Zilles, K. Amunts. The human inferior parietal lobule in stereotaxic space. Brain Structure and Function 212 (6): 481-495, 2008.

Area PGp (IPL)
S. Caspers, S. Geyer, A. Schleicher, H. Mohlberg, K. Amunts, K. Zilles. The human inferior parietal cortex: Cytoarchitectonic parcellation and interindividual variability. Neuroimage 33 (2): 430-448, 2006. _x000D__x000D_S. Caspers, S. B. Eickhoff, S. Geyer, F. Scheperjans, H. Mohlberg, K. Zilles, K. Amunts. The human inferior parietal lobule in stereotaxic space. Brain Structure and Function 212 (6): 481-495, 2008.

Area PF (IPL)
S. Caspers, S. Geyer, A. Schleicher, H. Mohlberg, K. Amunts, K. Zilles. The human inferior parietal cortex: Cytoarchitectonic parcellation and interindividual variability. Neuroimage 33 (2): 430-448, 2006. _x000D__x000D_S. Caspers, S. B. Eickhoff, S. Geyer, F. Scheperjans, H. Mohlberg, K. Zilles, K. Amunts. The human inferior parietal lobule in stereotaxic space. Brain Structure and Function 212 (6): 481-495, 2008.




Cluster 14 	105 vox	 +32	-72	+14

Assignment based on Maximum Probability Map	Percent of Cluster volume in Area	Percent of Area activated by Cluster
Area hIP4 (IPS)	18.7	4.1
Area hIP7 (IPS)	2.0	0.4

Probability exceedance by Area	Mean probability at Cluster location (%)	Mean probability across PMap (%)	Ratio	95% CI	95% CI
Area hIP4 (IPS)	22.4	18.0	1.24	1.14	1.34
Area hIP7 (IPS)	11.7	17.5	0.67	0.59	0.76
Area hOc4la	6.1	27.4	0.22	0.16	0.29
Area hPO1 (IPS)	2.8	20.6	0.13	0.11	0.16
Area PGp (IPL)	1.5	25.2	0.06	0.04	0.07
Area hIP5 (IPS)	1.5	21.7	0.07	0.05	0.10
Area hOc4lp	0.9	25.3	0.03	0.02	0.05
Area hOc2 [V2]	0.5	23.0	0.02	0.01	0.04
Area hOc6 [V6]	0.1	21.0	0.00	0.00	0.01
Area hIP8 (IPS)	0.0	20.2	0.00	0.00	0.00

Top probabilites at peak voxels	Union across peaks
Area hIP4 (IPS)	0.1

Probabilities at local maxima	+32.0 / -72.0 / +14.0 (Height: 3.7)
Area hIP4 (IPS)	11.9


Reference List

Area hIP5 (IPS)
M. Richter, K. Amunts, H. Mohlberg, S. Bludau, S.B. Eickhoff, K. Zilles, S. Caspers. Cytoarchitectonic segregation of human posterior intraparietal and adjacent parieto-occipital sulcus and ist relation to visuomotor and cognitive functions. Cereb Cortex, in press, 2018

Area hPO1 (IPS)
M. Richter, K. Amunts, H. Mohlberg, S. Bludau, S.B. Eickhoff, K. Zilles, S. Caspers. Cytoarchitectonic segregation of human posterior intraparietal and adjacent parieto-occipital sulcus and ist relation to visuomotor and cognitive functions. Cereb Cortex, in press, 2018

Area hOc6 [V6]
M. Richter, K. Amunts, H. Mohlberg, S. Bludau, S.B. Eickhoff, K. Zilles, S. Caspers. Cytoarchitectonic segregation of human posterior intraparietal and adjacent parieto-occipital sulcus and ist relation to visuomotor and cognitive functions. Cereb Cortex, in press, 2018

Area PGp (IPL)
S. Caspers, S. Geyer, A. Schleicher, H. Mohlberg, K. Amunts, K. Zilles. The human inferior parietal cortex: Cytoarchitectonic parcellation and interindividual variability. Neuroimage 33 (2): 430-448, 2006. _x000D__x000D_S. Caspers, S. B. Eickhoff, S. Geyer, F. Scheperjans, H. Mohlberg, K. Zilles, K. Amunts. The human inferior parietal lobule in stereotaxic space. Brain Structure and Function 212 (6): 481-495, 2008.

Area hIP4 (IPS)
M. Richter, K. Amunts, H. Mohlberg, S. Bludau, S.B. Eickhoff, K. Zilles, S. Caspers. Cytoarchitectonic segregation of human posterior intraparietal and adjacent parieto-occipital sulcus and ist relation to visuomotor and cognitive functions. Cereb Cortex, in press, 2018

Area hOc4la
A. Malikovic, K. Amunts, A. Schleicher, H. Mohlberg, M. Kujovic, S.E. Eickhoff, K. Zilles. Cytoarchitecture of the human lateral occipital cortex: Mapping of two extrastriate areas hOc4la and hOc4lp. Brain Structure and Function, 221(4):1877-97, 2016.

Area hOc4lp
A. Malikovic, K. Amunts, A. Schleicher, H. Mohlberg, M. Kujovic, S.E. Eickhoff, K. Zilles. Cytoarchitecture of the human lateral occipital cortex: Mapping of two extrastriate areas hOc4la and hOc4lp. Brain Structure and Function, 221(4):1877-97, 2016.

Area hIP8 (IPS)
M. Richter, K. Amunts, H. Mohlberg, S. Bludau, S.B. Eickhoff, K. Zilles, S. Caspers. Cytoarchitectonic segregation of human posterior intraparietal and adjacent parieto-occipital sulcus and ist relation to visuomotor and cognitive functions. Cereb Cortex, in press, 2018

Area hIP7 (IPS)
M. Richter, K. Amunts, H. Mohlberg, S. Bludau, S.B. Eickhoff, K. Zilles, S. Caspers. Cytoarchitectonic segregation of human posterior intraparietal and adjacent parieto-occipital sulcus and ist relation to visuomotor and cognitive functions. Cereb Cortex, in press, 2018

Area hOc2 [V2]
K. Amunts, A. Malikovic, H.Mohlberg, T.Schormann, K. Zilles. Brodmann's areas 17 and 18 brought into stereotaxic space - where and how variable? NeuroImage 11: 66-84, 2000




Cluster 15 	102 vox	 -58	+4	-34

Assignment based on Maximum Probability Map	Percent of Cluster volume in Area	Percent of Area activated by Cluster

Probability exceedance by Area	Mean probability at Cluster location (%)	Mean probability across PMap (%)	Ratio	95% CI	95% CI
Area TE 5	7.8	24.3	0.32	0.29	0.36

Top probabilites at peak voxels	Union across peaks
Area TE 5	0.0

Probabilities at local maxima	-58.0 / -2.0 / -30.0 (Height: 2.7)
Area TE 5	4.3


Reference List

Area TE 5
https://doi.org/10.25493/KHY9-J3Y




Cluster 16 	95 vox	 +36	-80	-36

Assignment based on Maximum Probability Map	Percent of Cluster volume in Area	Percent of Area activated by Cluster

Probability exceedance by Area	Mean probability at Cluster location (%)	Mean probability across PMap (%)	Ratio	95% CI	95% CI

Top probabilites at peak voxels	Union across peaks

Probabilities at local maxima


Reference List




Cluster 17 	88 vox	 -44	+10	+56

Assignment based on Maximum Probability Map	Percent of Cluster volume in Area	Percent of Area activated by Cluster

Probability exceedance by Area	Mean probability at Cluster location (%)	Mean probability across PMap (%)	Ratio	95% CI	95% CI
Area 6d3	0.3	20.4	0.02	0.01	0.02
Area 44	0.2	18.7	0.01	0.01	0.02

Top probabilites at peak voxels	Union across peaks
Area 44	0.0

Probabilities at local maxima	-50.0 / +18.0 / +42.0 (Height: 2.5)
Area 44	0.0


Reference List

Area 44
K. Amunts, A. Schleicher, U. B¸rgel,H. Mohlberg, H.B.M. Uylings, K. Zilles. Broca's region revisited: Cytoarchitecture and intersubject variability. The Journal of Comparative Neurology 412: 319-341, 1999_x000D__x000D_K. Amunts, P.H. Weiss, H. Mohlberg, P. Pieperhoff, J. Gurd, J.N. Shah, C.J. Marshall, G.R. Fink, K. Zilles. Analysis of the neural mechanisms underlying verbal fluency in cytoarchitectonically defined stereotaxic space - The role of Brodmann's areas 44 and 45. NeuroImage 22 (1): 42-56, 2004

Area 6d3
https://doi.org/10.25493/NVJ5-JJ




Cluster 18 	64 vox	 -18	-106	+4

Assignment based on Maximum Probability Map	Percent of Cluster volume in Area	Percent of Area activated by Cluster
Area hOc2 [V2]	51.4	1.4
Area hOc1 [V1]	10.7	0.2
Area hOc3d [V3d]	5.5	0.3
Area hOc3v [V3v]	0.6	0.0

Probability exceedance by Area	Mean probability at Cluster location (%)	Mean probability across PMap (%)	Ratio	95% CI	95% CI
Area hOc2 [V2]	51.3	23.0	2.23	2.17	2.30
Area hOc1 [V1]	27.7	36.5	0.76	0.70	0.81
Area hOc3d [V3d]	16.5	23.0	0.72	0.64	0.78
Area hOc3v [V3v]	7.4	24.2	0.31	0.25	0.36
Area hOc4lp	1.1	25.3	0.04	0.02	0.06

Top probabilites at peak voxels	Union across peaks
Area hOc2 [V2]	0.6
Area hOc1 [V1]	0.3
Area hOc3d [V3d]	0.0

Probabilities at local maxima	-18.0 / -106.0 / +4.0 (Height: 3.4)
Area hOc2 [V2]	64.9
Area hOc1 [V1]	34.8
Area hOc3d [V3d]	0.0


Reference List

Area hOc3v [V3v]
C. Rottschy, S.B. Eickhoff, A. Schleicher, H. Mohlberg, K. Zilles, K. Amunts. The ventral visual cortex in humans: Cytoarchitectonic mapping of two extrastriate areas. Human Brain Mapping 28 (1): 1-8, 2007

Area hOc3d [V3d]
M. Kujovic, K. Zilles, A. Malikovic, A.  Schleicher, H. Mohlberg, C. Rottschy, S.B. Eickhoff, K. Amunts. Cytoarchitectonic mapping of the human dorsal extrastriate cortex. Brain Struct. Funct. 218 (1): 157-172, 2013.

Area hOc1 [V1]
K. Amunts, A. Malikovic, H.Mohlberg, T.Schormann, K. Zilles. Brodmann's areas 17 and 18 brought into stereotaxic space - where and how variable? NeuroImage 11: 66-84, 2000

Area hOc4lp
A. Malikovic, K. Amunts, A. Schleicher, H. Mohlberg, M. Kujovic, S.E. Eickhoff, K. Zilles. Cytoarchitecture of the human lateral occipital cortex: Mapping of two extrastriate areas hOc4la and hOc4lp. Brain Structure and Function, 221(4):1877-97, 2016.

Area hOc2 [V2]
K. Amunts, A. Malikovic, H.Mohlberg, T.Schormann, K. Zilles. Brodmann's areas 17 and 18 brought into stereotaxic space - where and how variable? NeuroImage 11: 66-84, 2000




Cluster 19 	59 vox	 +10	-42	+38

Assignment based on Maximum Probability Map	Percent of Cluster volume in Area	Percent of Area activated by Cluster

Probability exceedance by Area	Mean probability at Cluster location (%)	Mean probability across PMap (%)	Ratio	95% CI	95% CI
Area 5Ci (SPL)	1.1	19.6	0.05	0.04	0.07

Top probabilites at peak voxels	Union across peaks
Area 5Ci (SPL)	0.0

Probabilities at local maxima	+10.0 / -42.0 / +38.0 (Height: 2.8)
Area 5Ci (SPL)	0.4


Reference List

Area 5Ci (SPL)
F. Scheperjans, K. Hermann, S. B. Eickhoff, K. Amunts, A. Schleicher, K. Zilles. Observer-independent cytoarchitectonic mapping of the human superior parietal cortex. Cereb.Cortex 18 (4): 846-867, 2008. _x000D__x000D_F. Scheperjans, S. B. Eickhoff, L. Hˆmke, H. Mohlberg, K. Hermann, K. Amunts, K. Zilles. Probabilistic maps, morphometry, and variability of cytoarchitectonic areas in the human superior parietal cortex. Cereb.Cortex 18 (9): 2141-2157, 2008.




Cluster 20 	57 vox	 +60	-36	-14

Assignment based on Maximum Probability Map	Percent of Cluster volume in Area	Percent of Area activated by Cluster

Probability exceedance by Area	Mean probability at Cluster location (%)	Mean probability across PMap (%)	Ratio	95% CI	95% CI
Area TE 5	2.9	24.3	0.12	0.07	0.18

Top probabilites at peak voxels	Union across peaks

Probabilities at local maxima


Reference List

Area TE 5
https://doi.org/10.25493/KHY9-J3Y




